negocio,tipo,ruta/orden,calif_google,n_reseñas_google,km_centro,nota_para_la_visita
Changelook,belleza,orden 1,4.7,35,0.4,Mencionar: ya tiene 35 reseñas; el letrero es para quien ya le van bien.
AKASH yoga,yoga/fitness,orden 2,5.0,59,0.7,Mencionar: ya tiene 59 reseñas; el letrero es para quien ya le van bien.
The Beauty Room Salón & Spa,belleza,orden 3,4.9,50,0.8,Mencionar: ya tiene 50 reseñas; el letrero es para quien ya le van bien.
Lacios Salón,belleza,orden 4,4.7,214,1.0,Mencionar: ya tiene 214 reseñas; el letrero es para quien ya le van bien.
Servicio Valenzuela,taller,orden 5,4.7,75,1.0,Mencionar: ya tiene 75 reseñas; el letrero es para quien ya le van bien.
Barberia La Capital,barbería,orden 6,4.8,250,1.1,Mencionar: ya tiene 250 reseñas; el letrero es para quien ya le van bien.
Tacos El Paisa,restaurante/taquería,orden 7,4.5,196,1.3,Mencionar: ya tiene 196 reseñas; el letrero es para quien ya le van bien.
MAXEN SALÓN SPA,belleza,orden 8,5.0,21,1.5,Mencionar: ya tiene 21 reseñas; el letrero es para quien ya le van bien.
Sunset Coffee Roasters,cafetería,orden 9,4.7,197,1.7,Mencionar: ya tiene 197 reseñas; el letrero es para quien ya le van bien.
AG BEAUTY SALON,belleza,orden 10,5.0,210,1.7,Mencionar: ya tiene 210 reseñas; el letrero es para quien ya le van bien.
Taller Mecanico Sánchez (TMS),taller,orden 11,4.8,58,1.7,Mencionar: ya tiene 58 reseñas; el letrero es para quien ya le van bien.
Guzman Clinica Dental,dental,orden 12,4.8,206,1.8,Mencionar: ya tiene 206 reseñas; el letrero es para quien ya le van bien.
Barberia Jhan Carlo,barbería,orden 13,4.7,207,1.9,Mencionar: ya tiene 207 reseñas; el letrero es para quien ya le van bien.
The Dental Studio by Dr. Yepiz,dental,orden 14,4.8,177,1.9,Mencionar: ya tiene 177 reseñas; el letrero es para quien ya le van bien.
Torre Fuerte Automotriz S de RL de CV,taller,orden 15,4.7,101,1.9,Mencionar: ya tiene 101 reseñas; el letrero es para quien ya le van bien.
Estudios 22800 Ensenada Downtown,hospedaje,orden 16,4.8,36,2.1,Mencionar: ya tiene 36 reseñas; el letrero es para quien ya le van bien.
Zynnia Café,cafetería,orden 17,4.8,90,2.3,Mencionar: ya tiene 90 reseñas; el letrero es para quien ya le van bien.
The Players Barbershop,barbería,orden 18,4.5,198,2.4,Mencionar: ya tiene 198 reseñas; el letrero es para quien ya le van bien.
FREEWAY AUTOMOTRIZ,taller,orden 19,4.2,33,0.2,Mencionar: ya tiene 33 reseñas; el letrero es para quien ya le van bien.
Canneria Cerveza,bar/cervecería,orden 20,4.6,502,0.7,Mencionar: ya tiene 502 reseñas; el letrero es para quien ya le van bien.
Barra D` Café,cafetería,orden 21,4.8,385,1.5,Mencionar: ya tiene 385 reseñas; el letrero es para quien ya le van bien.
Quiérete Bonito,belleza,orden 22,4.9,420,1.5,Mencionar: ya tiene 420 reseñas; el letrero es para quien ya le van bien.
Alta Baja Cevecería,bar/cervecería,orden 23,4.5,487,1.5,Mencionar: ya tiene 487 reseñas; el letrero es para quien ya le van bien.
Célida Café,cafetería,orden 24,4.4,422,1.8,Mencionar: ya tiene 422 reseñas; el letrero es para quien ya le van bien.
Heisenberg tap room,bar/cervecería,orden 25,4.6,553,1.9,Mencionar: ya tiene 553 reseñas; el letrero es para quien ya le van bien.
Clínica Dental Dentiad Dental Studio,dental,orden 26,5.0,340,2.0,Mencionar: ya tiene 340 reseñas; el letrero es para quien ya le van bien.
RESTAURANTE EL FERROCARRIL,restaurante/taquería,orden 27,4.7,567,3.4,Mencionar: ya tiene 567 reseñas; el letrero es para quien ya le van bien.
CARMEX ENSENADA TALLER MECÁNICO,taller,orden 28,4.2,239,3.7,Mencionar: ya tiene 239 reseñas; el letrero es para quien ya le van bien.
Bliss,postres y café (cafe de especialidad),Ruta 1,4.7,72,0.3,"Mencionar: negocio pequeño, letrero en mostrador sin cambiar nada de su operación."
Lazy Cat Coffee House,cafetería,Ruta 1,4.8,82,0.7,"Mencionar: negocio pequeño, letrero en mostrador sin cambiar nada de su operación."
La Quesería,restaurante local,Ruta 1,4.8,166,1.1,"Mencionar: negocio pequeño, letrero en mostrador sin cambiar nada de su operación."
Antoli Boba & Coffee (Centro),cafetería / boba,Ruta 1,4.4,82,1.2,"Mencionar: negocio pequeño, letrero en mostrador sin cambiar nada de su operación."
Entre Brasas,restaurante pequeño local,Ruta 1,4.7,234,1.4,"Mencionar: negocio pequeño, letrero en mostrador sin cambiar nada de su operación."
Kato: Matcha y Onigiris,cafetería de matcha,Ruta 1,4.9,14,1.5,"Mencionar: negocio pequeño, letrero en mostrador sin cambiar nada de su operación."
Calma,restaurante local,Ruta 1,4.6,223,1.6,"Mencionar: negocio pequeño, letrero en mostrador sin cambiar nada de su operación."
Distinto Coffee Bar,cafetería,Ruta 2,4.5,62,1.5,"Mencionar: negocio pequeño, letrero en mostrador sin cambiar nada de su operación."
Boncha Café & Boba,cafetería / boba,Ruta 2,4.3,51,1.7,"Mencionar: negocio pequeño, letrero en mostrador sin cambiar nada de su operación."
"Heiwa Room - Matcha, coffee & friends",cafetería de matcha,Ruta 2,4.6,27,1.8,"Mencionar: negocio pequeño, letrero en mostrador sin cambiar nada de su operación."
Bluté Café Repostería. Matcha,cafetería de matcha,Ruta 2,4.7,10,2.0,"Mencionar: negocio pequeño, letrero en mostrador sin cambiar nada de su operación."
Vertical Coffee Bar - Centro,cafetería de especialidad,Ruta 2,4.9,60,2.1,"Mencionar: negocio pequeño, letrero en mostrador sin cambiar nada de su operación."
TOMATCHA,cafetería de matcha,Ruta 2,4.7,54,2.2,"Mencionar: negocio pequeño, letrero en mostrador sin cambiar nada de su operación."
Café Esquina Trece,cafetería,Ruta 2,4.5,24,2.2,"Mencionar: negocio pequeño, letrero en mostrador sin cambiar nada de su operación."
TOMATCHA Valle Dorado,cafetería de matcha,Lejano,4.7,23,3.7,"Mencionar: negocio pequeño, letrero en mostrador sin cambiar nada de su operación."
YAXHA MATCHA,cafetería de matcha,Lejano,4.9,65,4.0,"Mencionar: negocio pequeño, letrero en mostrador sin cambiar nada de su operación."
yayyy matcha,cafetería de matcha,Lejano,4.5,41,4.0,"Mencionar: negocio pequeño, letrero en mostrador sin cambiar nada de su operación."
