negocio,tipo,calif_google,n_resenas_google,km_del_centro,direccion,place_id,tier,notas,estado,zona,instagram,orden
Changelook,belleza,4.7,35,0.4,"C. Séptima 1765, Obrera, 22830 Ensenada, B.C., Mexico",ChIJXaTWMpeN2IAR4W6q1OEtaSk,A (prioridad),,nuevo,Centro/Obrera (0-1.5 km),linktr.ee/change.look.estetica,1
AKASH yoga,yoga/fitness,5.0,59,0.7,"Av. Guadalupe 550, Obrera, 22830 Ensenada, B.C., Mexico",ChIJmUyDGz2T2IARiCBmEd6P8Wg,A (prioridad),,nuevo,Centro/Obrera (0-1.5 km),@akash.yogaa,2
The Beauty Room Salón & Spa,belleza,4.9,50,0.8,"Av Hidalgo 379, Obrera, 22830 Ensenada, B.C., Mexico",ChIJ4dyu-kiN2IARfX4YEi7HWKM,A (prioridad),,nuevo,Centro/Obrera (0-1.5 km),facebook: thebeautyroomens (IG no confirmado),3
Lacios Salón,belleza,4.7,214,1.0,"Calle Segunda esquina con Hidalgo #1576, Obrera, 22830 Ensenada, B.C., Mexico",ChIJSZSYApSN2IARgt3bfF1FRuU,A (prioridad),,nuevo,Centro/Obrera (0-1.5 km),@laciossalon.oficial,4
Servicio Valenzuela,taller,4.7,75,1.0,"Av. Soto 280, Granados, 22840 Ensenada, B.C., Mexico",ChIJUTp1P4qN2IARhjRQF_XAevA,A (prioridad),,nuevo,Centro/Obrera (0-1.5 km),no encontrado,5
Barberia La Capital,barbería,4.8,250,1.1,"Av Adolfo López Mateos 2025, entre Soto y, Granados, 22830 Ensenada, B.C., Mexico",ChIJzTM570yT2IARyIFaO3_gDCs,A (prioridad),,nuevo,Centro/Obrera (0-1.5 km),no encontrado,6
Tacos El Paisa,restaurante/taquería,4.5,196,1.3,"C. Nueva Rosita 101, 28 de Agosto, 22830 Ensenada, B.C., Mexico",ChIJU4HM7YKN2IARekfz6pH2_z0,A (prioridad),,nuevo,Centro/Obrera (0-1.5 km),no encontrado,7
MAXEN SALÓN SPA,belleza,5.0,21,1.5,"Av. Reforma 174-Loc 5, Nueva Ensenada, 22880 Ensenada, B.C., Mexico",ChIJFYMjDwCN2IARNVLV872CH5g,A (prioridad),,nuevo,Centro/Obrera (0-1.5 km),no encontrado,8
Sunset Coffee Roasters,cafetería,4.7,197,1.7,"Av. Ruiz 1220, Zona Centro, 22800 Ensenada, B.C., Mexico",ChIJCxjgeveT2IARANp2V8fEY6Y,A (prioridad),,nuevo,Playa/Miramar/Nueva Ensenada (1.5-2.5 km),@sunsetcoffeeroasters,9
AG BEAUTY SALON,belleza,5.0,210,1.7,"Av. Dr Pedro Loyola 295, Playa Ensenada, 22880 Ensenada, B.C., Mexico",ChIJ_8pNYT6T2IARWG4Oxoh8c7I,A (prioridad),,nuevo,Playa/Miramar/Nueva Ensenada (1.5-2.5 km),no encontrado,10
Taller Mecanico Sánchez (TMS),taller,4.8,58,1.7,"Av. Dr Pedro Loyola 288, Playa Ensenada, 22880 Ensenada, B.C., Mexico",ChIJQdk4QkKT2IARuxAupokTXIs,A (prioridad),,nuevo,Playa/Miramar/Nueva Ensenada (1.5-2.5 km),no encontrado,11
Guzman Clinica Dental,dental,4.8,206,1.8,"Calle Sexta 526, Zona Centro, 22800 Ensenada, B.C., Mexico",ChIJzdL50K-T2IARPoCP95ir4qU,A (prioridad),,nuevo,Playa/Miramar/Nueva Ensenada (1.5-2.5 km),no encontrado,12
Barberia Jhan Carlo,barbería,4.7,207,1.9,"C. Segunda 199, Zona Centro, 22810 Ensenada, B.C., Mexico",ChIJVVVVVWaS2IARvWITvvi-YQE,A (prioridad),,nuevo,Playa/Miramar/Nueva Ensenada (1.5-2.5 km),facebook: JhanCarloBarberia (IG no confirmado),13
The Dental Studio by Dr. Yepiz,dental,4.8,177,1.9,"Av. Delante 206-Local 14-B, Carlos Pacheco, Militar, 22898 Ensenada, B.C., Mexico",ChIJl38osBiT2IAR8LNw9NgVzTM,A (prioridad),,nuevo,Playa/Miramar/Nueva Ensenada (1.5-2.5 km),no encontrado,14
Torre Fuerte Automotriz S de RL de CV,taller,4.7,101,1.9,"Av. Reforma 47-A, Costa Azul, 22890 Ensenada, B.C., Mexico",ChIJvylDok6N2IARB_4a7sfypos,A (prioridad),,nuevo,Playa/Miramar/Nueva Ensenada (1.5-2.5 km),no encontrado,15
Estudios 22800 Ensenada Downtown,hospedaje,4.8,36,2.1,"C. Segunda 354, Zona Centro, 22800 Ensenada, B.C., Mexico",ChIJa1T_89aT2IARe6WrEj8pg1c,A (prioridad),,nuevo,Playa/Miramar/Nueva Ensenada (1.5-2.5 km),no encontrado,16
Zynnia Café,cafetería,4.8,90,2.3,"Av. 20 de Noviembre 1451, Zona Centro, 22810 Ensenada, B.C., Mexico",ChIJH0fnipuT2IARpPuHD1ABL-U,A (prioridad),,nuevo,Playa/Miramar/Nueva Ensenada (1.5-2.5 km),@zynnia_cafe,17
The Players Barbershop,barbería,4.5,198,2.4,"Calz. Cortez 2409, Marquez de Leon, 22850 Ensenada, B.C., Mexico",ChIJKzQFib6N2IAROfSWjbHUoHI,A (prioridad),,nuevo,Playa/Miramar/Nueva Ensenada (1.5-2.5 km),no encontrado,18
FREEWAY AUTOMOTRIZ,taller,4.2,33,0.2,"Av. Reforma 567-interior 1, Obrera, 22830 Ensenada, B.C., Mexico",ChIJVcqRuYiT2IAR343TTYNqxEs,B,,nuevo,Centro/Obrera (0-1.5 km),no encontrado,19
Canneria Cerveza,bar/cervecería,4.6,502,0.7,"22830, Av. Iturbide 465, Obrera, 22830 Ensenada, B.C., Mexico",ChIJhTWiDHeS2IARFeb7-Hv9kyo,B,,nuevo,Centro/Obrera (0-1.5 km),no encontrado,20
Barra D` Café,cafetería,4.8,385,1.5,"Av. Miramar 666-Int. 3, Centro, 22800 Ensenada, B.C., Mexico",ChIJ6e8hCGOS2IARrAYyJzXFa8k,B,,nuevo,Centro/Obrera (0-1.5 km),no encontrado,21
Quiérete Bonito,belleza,4.9,420,1.5,"Av. Dr Pedro Loyola 181-Local 1, Nueva Ensenada, 22800 Ensenada, B.C., Mexico",ChIJ0QxHzKGT2IARb9fDXaZZ6xs,B,,nuevo,Centro/Obrera (0-1.5 km),no encontrado,22
Alta Baja Cevecería,bar/cervecería,4.5,487,1.5,"Av. Miramar 666, Zona Centro, 22800 Ensenada, B.C., Mexico",ChIJNzNGGheT2IARhhaTaFJmjxE,B,,nuevo,Centro/Obrera (0-1.5 km),no encontrado,23
Célida Café,cafetería,4.4,422,1.8,"Av. Álvaro Obregón 720, Zona Centro, 22800 Ensenada, B.C., Mexico",ChIJJVT4PeyT2IARIx2nUxicJRM,B,,nuevo,Playa/Miramar/Nueva Ensenada (1.5-2.5 km),no encontrado,24
Heisenberg tap room,bar/cervecería,4.6,553,1.9,"Av. Ruiz 230, Zona Centro, 22800 Ensenada, B.C., Mexico",ChIJlZBjN2GS2IARBa1NDHZC-zU,B,,nuevo,Playa/Miramar/Nueva Ensenada (1.5-2.5 km),no encontrado,25
Clínica Dental Dentiad Dental Studio,dental,5.0,340,2.0,"Ryerson 724-1, C. Séptima Esquina, Centro, Zona Centro, 22800 Ensenada, B.C., Mexico",ChIJH7eoT8WT2IARdhj8S8Y6Fz4,B,,nuevo,Playa/Miramar/Nueva Ensenada (1.5-2.5 km),no encontrado,26
RESTAURANTE EL FERROCARRIL,restaurante/taquería,4.7,567,3.4,"Blvd. Punta 291, Acapulco, 22890 Ensenada, B.C., Mexico",ChIJm6tNCcKN2IAR6M_oNPiqgLk,B,,nuevo,Lejano (>2.5 km),no encontrado,27
CARMEX ENSENADA TALLER MECÁNICO,taller,4.2,239,3.7,"Av. Dr Pedro Loyola 330, Playa Hermosa, 22890 Ensenada, B.C., Mexico",ChIJqdrhqhON2IARm2a512PKtLw,B,,nuevo,Lejano (>2.5 km),no encontrado,28
"CAPITAL O Hotel Rose, Ensenada",hospedaje,4.3,1095,0.7,"Av Hidalgo 450, Obrera, 22830 Ensenada, B.C., Mexico",ChIJ1zjwaXeS2IARyCzDi4iQzjg,C (ya tiene mucho volumen; vender medición/reporte),,nuevo,Centro/Obrera (0-1.5 km),no encontrado,
Tacos Mi Ranchito El Fenix,restaurante/taquería,4.1,2159,0.8,"22830, C Sexta y Espinoza 603, Obrera, 22830 Ensenada, B.C., Mexico",ChIJRx8xRHqS2IARlx1nmlcdEUY,C (ya tiene mucho volumen; vender medición/reporte),,nuevo,Centro/Obrera (0-1.5 km),no encontrado,
Tacos de Pescado Marco Antonio,restaurante/taquería,4.7,2272,0.8,"Av Rayon 351, Obrera, 22830 Ensenada, B.C., Mexico",ChIJzbwFV3aS2IAR6VT2S5tydgA,C (ya tiene mucho volumen; vender medición/reporte),,nuevo,Centro/Obrera (0-1.5 km),no encontrado,
Tacos Floresta,restaurante/taquería,4.6,1451,0.8,"Av. Floresta 490, Obrera, 22830 Ensenada, B.C., Mexico",ChIJoed0EXqS2IARnR8BpPzNPNI,C (ya tiene mucho volumen; vender medición/reporte),,nuevo,Centro/Obrera (0-1.5 km),no encontrado,
clinica nr,dental,5.0,7,1.0,"C. Tercera 2150, Granados, 22840 Ensenada, B.C., Mexico",ChIJK2FGuLuN2IARryvrGCE640w,B-nuevo (pocas reseñas; negocio joven),,nuevo,Centro/Obrera (0-1.5 km),no encontrado,
Fauna Tasting Room Ensenada🍺🌳,bar/cervecería,4.5,1483,1.1,"C. Tercera 1282, Zona Centro, 22830 Ensenada, B.C., Mexico",ChIJPTNT6RCT2IARlHZjgz4V66E,C (ya tiene mucho volumen; vender medición/reporte),,nuevo,Centro/Obrera (0-1.5 km),no encontrado,
Suites Miramar14,hospedaje,4.9,19,1.5,"Av. Miramar 694, Zona Centro, 22800 Ensenada, B.C., Mexico",ChIJx8rDWsCT2IAR9Mbx7txH7Ak,B-nuevo (pocas reseñas; negocio joven),,nuevo,Centro/Obrera (0-1.5 km),no encontrado,
ADL Clinica Dental Suc. Ensenada,dental,5.0,6,1.5,"Av. Abelardo L. Rodriguez, Nueva Ensenada, 22880 Ensenada, B.C., Mexico",ChIJowASAkWN2IARQg1U8WHeZS0,skip (cadena/sucursal),,nuevo,Centro/Obrera (0-1.5 km),no encontrado,
Yogui Shala Wellness,yoga/fitness,5.0,3,1.6,"Av. Ruiz 962-12, Zona Centro, 22800 Ensenada, B.C., Mexico",ChIJJQE18BGP2IARVWLhhwOqWWI,B-nuevo (pocas reseñas; negocio joven),,nuevo,Playa/Miramar/Nueva Ensenada (1.5-2.5 km),no encontrado,
Café con leche,cafetería,4.5,1771,1.6,"Av. Gastélum 789, Zona Centro, 22800 Ensenada, B.C., Mexico",ChIJVz8xZ2KS2IARrM9TrCOAjFQ,C (ya tiene mucho volumen; vender medición/reporte),,nuevo,Playa/Miramar/Nueva Ensenada (1.5-2.5 km),no encontrado,
Sabina Restaurante La Guerrerense Carreta,restaurante/taquería,4.5,7117,1.6,"Av Adolfo López Mateos 917, Centro, 22800 Ensenada, B.C., Mexico",ChIJFeJYeGWS2IARx1dM5N6zM7c,C (ya tiene mucho volumen; vender medición/reporte),,nuevo,Playa/Miramar/Nueva Ensenada (1.5-2.5 km),no encontrado,
Maya Yoga,yoga/fitness,4.9,13,1.7,"Blvd. las Dunas 369, Playa Ensenada, 22880 Ensenada, B.C., Mexico",ChIJP2oWacaT2IAROiqun7kOLwI,B-nuevo (pocas reseñas; negocio joven),,nuevo,Playa/Miramar/Nueva Ensenada (1.5-2.5 km),no encontrado,
Bahia Seafood Of Ensenada,restaurante/taquería,4.3,4462,1.7,"Av. Riveroll 109, Zona Centro, 22800 Ensenada, B.C., Mexico",ChIJETPb1mKS2IARNVtJaIMHqcI,C (ya tiene mucho volumen; vender medición/reporte),,nuevo,Playa/Miramar/Nueva Ensenada (1.5-2.5 km),no encontrado,
Restaurante Playa Azul,restaurante/taquería,4.2,820,1.7,"Av. Riveroll 113, Zona Centro, 22800 Ensenada, B.C., Mexico",ChIJfzrHuGWS2IARWmZgtmYa57o,C (ya tiene mucho volumen; vender medición/reporte),,nuevo,Playa/Miramar/Nueva Ensenada (1.5-2.5 km),no encontrado,
Hotel Eiffel En Ensenada,hospedaje,4.5,740,1.7,"Av. Macheros 274, Zona Centro, 22800 Ensenada, B.C., Mexico",ChIJyarvRHuT2IARLk9QEtuwp18,C (ya tiene mucho volumen; vender medición/reporte),,nuevo,Playa/Miramar/Nueva Ensenada (1.5-2.5 km),no encontrado,
Hertz zone fitness studio,yoga/fitness,5.0,13,1.8,"Agustín Iturbide, Av. Delante 289-1, Buenaventura, 22880 Ensenada, B.C., Mexico",ChIJg5dXaACN2IAROB0rZLdbJDc,B-nuevo (pocas reseñas; negocio joven),,nuevo,Playa/Miramar/Nueva Ensenada (1.5-2.5 km),no encontrado,
Hotel Bugambilias,hospedaje,4.1,727,1.8,"Av. Macheros 150, Zona Centro, 22800 Ensenada, B.C., Mexico",ChIJ2X3nLGSS2IARiJM1f9Q2Oy8,C (ya tiene mucho volumen; vender medición/reporte),,nuevo,Playa/Miramar/Nueva Ensenada (1.5-2.5 km),no encontrado,
Wendlandt Brew Pub,bar/cervecería,4.7,1188,1.9,"Blvd. Costero 248, Zona Centro, 22870 Ensenada, B.C., Mexico",ChIJx1VVlfiS2IARLqey8fYR3po,C (ya tiene mucho volumen; vender medición/reporte),,nuevo,Playa/Miramar/Nueva Ensenada (1.5-2.5 km),no encontrado,
Mariscos Ensenada,restaurante/taquería,2.3,93,2.0,"Av Adolfo López Mateos 475, Zona Centro, 22800 Ensenada, B.C., Mexico",ChIJObLuFgCT2IARUT-UCrhUeb0,"no-ahora (no vender ""arreglar calificación"")",,nuevo,Playa/Miramar/Nueva Ensenada (1.5-2.5 km),no encontrado,
Shanti Yoga Ensenada,yoga/fitness,4.9,17,2.1,"Calle, Av. Ryerson 1023-6, Zona Centro, 22800 Ensenada, B.C., Mexico",ChIJgZ52BYWN2IARpTAOxVWtWH0,B-nuevo (pocas reseñas; negocio joven),,nuevo,Playa/Miramar/Nueva Ensenada (1.5-2.5 km),no encontrado,
La Cocedora De Langosta,restaurante/taquería,4.4,836,2.1,"La Marina, Zona Centro, 22800 Ensenada, B.C., Mexico",ChIJAWudVFWS2IAR0ilWHr_WwCU,C (ya tiene mucho volumen; vender medición/reporte),,nuevo,Playa/Miramar/Nueva Ensenada (1.5-2.5 km),no encontrado,
Anesis Nail Bar & Spa,belleza,5.0,15,3.4,"De Ojos Negros Kilómetro 1250, Mar, 22859 Ensenada, B.C., Mexico",ChIJC-2NMwCF2IAR4MUZwx_Qp6A,B-nuevo (pocas reseñas; negocio joven),,nuevo,Lejano (>2.5 km),no encontrado,
Estudio C,pilates,5.0,7,0.9,"Av. Espinoza 339-int 4, Obrera, 22830 Ensenada, B.C., Mexico",ChIJWZJJw9OT2IARsmqI8goZyfY,A (prioridad),Horario L-V; sábado cerrado. Tel +52 646 118 5016,nuevo,Obrera,+52 646 118 5016,29
Clásik Pilates,pilates,5.0,6,1.4,"Av. Iturbide 374, Obrera, 22830 Ensenada, B.C., Mexico",ChIJmfCe-fuT2IARzb1lU2iy07w,B,Pocas reseñas; tel +52 646 383 4206,nuevo,Obrera,+52 646 383 4206,30
MERKABA Estudio de Pilates,pilates,,0,0.9,"Av Adolfo López Mateos 1107, Zona Centro, 22800 Ensenada, B.C., Mexico",ChIJJ3WE35GT2IAR0XDQyQUm_u0,B-nuevo (sin reseñas),"Teléfono con lada CDMX (+52 55), verificar",nuevo,Zona Centro,+52 55 3223 1391,31
Sundra Wellness Club,pilates,5.0,36,4.0,"Río Plata 155, Valle Dorado, 22890 Ensenada, B.C., Mexico",ChIJCVmOnWiN2IARyQkEFazeFTE,A (prioridad),Clases de mat pilates; sin teléfono en Google; horario L-J 6-20h,nuevo,Valle Dorado,,32
KAM Pilates,pilates,5.0,1,4.5,"Blvd. Gral. Juan Zertuche 634-local 7, Valle Dorado, 22890 Ensenada, B.C., Mexico",ChIJ79OFLQCP2IARQYkU78OYv0I,B-nuevo (pocas reseñas),"Solo 5 camas, clases personalizadas; sin teléfono",nuevo,Valle Dorado,,33
Molto studio,pilates,5.0,9,5.1,"Valle Dorado, 22930 Ensenada, B.C., Mexico",ChIJc46eV06P2IARPWg_iTAP1nY,B,Dirección incompleta; tel +52 646 179 6088,nuevo,Valle Dorado,+52 646 179 6088,34
Gruvy Pilates,pilates,5.0,1,0.7,"Calle 12, Av. Gastélum, Zona Centro, 22870 Ensenada, B.C., Mexico",ChIJZXJJ1VGT2IARHPBJ7SGs58w,B-nuevo (pocas reseñas),Tel +52 646 289 9847,nuevo,Zona Centro,+52 646 289 9847,35
Movo pilates studio,pilates,4.3,3,4.6,"Sayula 278, segundo piso, Jalisco, 22880 Ensenada, B.C., Mexico",ChIJY51SiuiN2IARFSh6vfrvNzg,C (queja por cancelaciones),Reseña negativa sobre política de 24 h; abordar con cuidado,nuevo,Jalisco,,36
CORE FUSION STUDIO,fitness/pilates,,0,1.3,"Dentro de Esencia Wellness Center, Av. Reforma 1128, Carlos Pacheco 3, 22830 Ensenada, B.C., Mexico",ChIJq6qqqpqN2IARSiArORTSlCA,B-nuevo (sin reseñas),Tel +52 646 151 2272,nuevo,Carlos Pacheco,+52 646 151 2272,37
Estudio Cien Pilates,pilates,,0,0.6,"Av. Castillo 839, Zona Centro, 22800 Ensenada, B.C., Mexico",ChIJmd9_YXyS2IAR_qFDfZgHVSE,B-nuevo (sin reseñas),Sin horario publicado; tel +52 646 112 5834,nuevo,Zona Centro,+52 646 112 5834,38
Dental Health & Implant Center,dental,5.0,172,1.2,"C. Segunda 180, Obrera, 22830 Ensenada, B.C., Mexico",ChIJSYWAjdCT2IARe8EZ9ySACHs,A (prioridad),Alto volumen de reseñas; tel +52 646 119 3502,nuevo,Obrera,+52 646 119 3502,39
Dra Kim Arellano,dental,4.9,73,1.1,"Calle Sexta 1565, Obrera, 22830 Ensenada, B.C., Mexico",ChIJ6ZqFCy6T2IARYMXaZ2bowlI,A (prioridad),Abre también sábado y domingo; tel +52 646 227 5163,nuevo,Obrera,+52 646 227 5163,40
Clínica Dental Juárez,dental,5.0,6,1.2,"Av. Juárez 1637, Obrera, 22830 Ensenada, B.C., Mexico",ChIJhRG6o0CT2IARm_b4znM60Qc,B-nuevo (pocas reseñas),Tel +52 646 109 6644,nuevo,Obrera,+52 646 109 6644,41
California Dental,dental,5.0,41,1.5,"Av. Reforma 660-local 1-A, Ulbrich, 22830 Ensenada, B.C., Mexico",ChIJP_tutlSN2IARdyianCo5JDg,A (prioridad),Abre todos los días; tel +52 646 152 6552,nuevo,Ulbrich,+52 646 152 6552,42
Dental Más Fácil Ensenada,dental,5.0,114,0.2,"Av. Ruiz 631, Benito Juárez, 22800 Ensenada, B.C., Mexico",ChIJTzviUg-T2IARBS5F2U_T69k,A (prioridad),Tel +52 646 487 6795,nuevo,Benito Juárez,+52 646 487 6795,43
Better Smile,dental,5.0,103,0.8,"Lázaro Cárdenas 853, Zona Centro, 22800 Ensenada, B.C., Mexico",ChIJmegbV5yT2IARzSV_vCBJXyU,A (prioridad),Tel +52 646 596 2718,nuevo,Zona Centro,+52 646 596 2718,44
Field Clínica Dental,dental,5.0,94,0.7,"Av. Castillo 391, Zona Centro, 22800 Ensenada, B.C., Mexico",ChIJVSHMAB-N2IARKJwKqjlcIak,A (prioridad),Tel +52 646 470 1467,nuevo,Zona Centro,+52 646 470 1467,45
Veterinaria Valvet,veterinaria,4.7,30,1.7,"Reforma, Interior 2, Centro, 22800 Ensenada, B.C., Mexico",ChIJK691PIiN2IARz02lGizhitc,A (prioridad),"Horario listado 24 h, pero reseña dice que no contestaron de noche; confirmar. Tel +52 646 277 8855",nuevo,Zona Centro,+52 646 277 8855,46
Aguzvet Centro Veterinario,veterinaria,4.3,927,0.9,"Avenida Ruiz 1373, Zona Centro, 22800 Ensenada, B.C., Mexico",ChIJP4HHtYiS2IAR_l9-0B4uPPw,"B (muchas reseñas, quejas de rotación de médicos)",Abre 7:00-23:00 todos los días; tel +52 646 174 1717,nuevo,Zona Centro,+52 646 174 1717,47
Veterinaria Del Centro,veterinaria,4.7,222,0.2,"Calle Sexta 600, Zona Centro, 22800 Ensenada, B.C., Mexico",ChIJk_-_QmOS2IARkQsgm7amzX4,A (prioridad),Tienda de productos para mascotas; tel +52 646 174 0749,nuevo,Zona Centro,+52 646 174 0749,48
Veterinaria Arroyo (Av. Juárez),veterinaria,4.8,16,0.5,"Av. Juárez 1000, Zona Centro, 22800 Ensenada, B.C., Mexico",ChIJ9_7QFACT2IARLkreF3tTbsw,B-nuevo (pocas reseñas),Listado 24 h; reseña indica una sola persona atendiendo; tel +52 646 197 3715,nuevo,Zona Centro,+52 646 197 3715,49
Veterinaria ARROYO (Calle Coral),veterinaria,4.4,140,1.9,"Calle Coral 546-1, Aviación, 22840 Ensenada, B.C., Mexico",ChIJ3xOYHYaN2IAR8nxsVE5uYx8,B,Listado 24 h; reseñas dicen que no lo es; tel +52 646 184 8248,nuevo,Aviación,+52 646 184 8248,50
Clínica Veterinaria Masvet,veterinaria,4.5,211,1.7,"Calz. de las Águilas 187, Aviación, 22840 Ensenada, B.C., Mexico",ChIJwfllXIiN2IAROsDeXUK6ti0,A (prioridad),"Lun-vie 9-19, sáb 10-17; tel +52 646 176 3456",nuevo,Aviación,+52 646 176 3456,51
Ánima Clínica Veterinaria (MVZ Mario Gaitán),veterinaria,4.9,93,2.0,"Calz. Cortez 305, Independencia, 22840 Ensenada, B.C., Mexico",ChIJbxccbquP2IARdiUPpMTTstE,A (prioridad),Atiende en inglés; tel +52 646 401 0104,nuevo,Independencia,+52 646 401 0104,52
Hospital Veterinario de Ensenada,veterinaria,4.6,39,4.6,"Lib. Sur 230, Jalisco, 22850 Ensenada, B.C., Mexico",ChIJPbfqUgCN2IARLIzlHSnXF2w,A (prioridad),24 h confirmado en reseñas (emergencias); tel +52 646 197 6454,nuevo,Jalisco,+52 646 197 6454,53
All Animals Care / Clínica Veterinaria,veterinaria,5.0,1,4.7,"Blvd. Esmeralda 419, Jalisco, 22850 Ensenada, B.C., Mexico",ChIJQR2jbqaN2IAR1uHwaaTsNH8,B-nuevo (pocas reseñas),Listado 24 h; tel +52 646 278 0019,nuevo,Jalisco,+52 646 278 0019,54
Pet Love,veterinaria,4.5,105,4.8,"Av. Dr Pedro Loyola 218, Punta Banda II, 22897 Ensenada, B.C., Mexico",ChIJVxCsADiP2IAReVA3ST-CK2U,A (prioridad),24 h; atiende en inglés; tel +52 646 227 0767,nuevo,Punta Banda,+52 646 227 0767,55
