negocio,tipo,calif_google,n_resenas,km_del_centro,direccion,ruta,estado,notas
Bliss,postres y café (cafe de especialidad),4.7,72,0.3,"Av. Aldama 753, Obrera",Ruta 1,nuevo,
Lazy Cat Coffee House,cafetería,4.8,82,0.7,"Espinoza y calle 8, Obrera",Ruta 1,nuevo,
La Quesería,restaurante local,4.8,166,1.1,Av. Alvarado 930,Ruta 1,nuevo,
Antoli Boba & Coffee (Centro),cafetería / boba,4.4,82,1.2,Av. Alvarado 767,Ruta 1,nuevo,
Entre Brasas,restaurante pequeño local,4.7,234,1.4,Tercer Ayuntamiento,Ruta 1,nuevo,
Kato: Matcha y Onigiris,cafetería de matcha,4.9,14,1.5,Av. Miramar 666 (Plaza Santo Tomás),Ruta 1,nuevo,
Calma,restaurante local,4.6,223,1.6,Blvd. Costero 448,Ruta 1,nuevo,
Distinto Coffee Bar,cafetería,4.5,62,1.5,"Av. Francisco Ulloa 177, Buenaventura",Ruta 2,nuevo,
Boncha Café & Boba,cafetería / boba,4.3,51,1.7,Av. Adolfo López Mateos 853,Ruta 2,nuevo,
"Heiwa Room - Matcha, coffee & friends",cafetería de matcha,4.6,27,1.8,"Av. Delante 190, Costa Azul",Ruta 2,nuevo,
Bluté Café Repostería. Matcha,cafetería de matcha,4.7,10,2.0,La Marina 81,Ruta 2,nuevo,
Vertical Coffee Bar - Centro,cafetería de especialidad,4.9,60,2.1,C. Segunda 354,Ruta 2,nuevo,
TOMATCHA,cafetería de matcha,4.7,54,2.2,"C. Novena 11, Centro",Ruta 2,nuevo,
Café Esquina Trece,cafetería,4.5,24,2.2,Calle 13 1299,Ruta 2,nuevo,
TOMATCHA Valle Dorado,cafetería de matcha,4.7,23,3.7,Blvd. Gral. Juan Zertuche 573,Lejano,nuevo,
YAXHA MATCHA,cafetería de matcha,4.9,65,4.0,"Lago Chapala y Blvd. Zertuche 796, Valle Dorado",Lejano,nuevo,
yayyy matcha,cafetería de matcha,4.5,41,4.0,"Lago de Chapala 391, Valle Dorado",Lejano,nuevo,
